"consent","consent-1","email","perriayin@gmail.com","","","","","","","","","","","","","","","","","","","","","","","","","","","","","","","","","","","","","","","","","","","","","","","","","","","","","","","","","","","","","","","","","","","","","","","","","","","","","","","","","","","","","","","","","","","","","","","","","","","","","","","","","","","","","","","","","","","","","","","","","","","","","","","","","","","","","Nrb95uSP9S5iNiuB3","1445014014775","4X8nymtYapNCnhanq"
"consent","consent-1","email","pgiliver@stanford.edu","","","","","","","","","","","","","","","","","","","","","","","","","","","","","","","","","","","","","","","","","","","","","","","","","","","","","","","","","","","","","","","","","","","","","","","","","","","","","","","","","","","","","","","","","","","","","","","","","","","","","","","","","","","","","","","","","","","","","","","","","","","","","","","","","","","","","PBjiC8wdBDGrGmMBj","1445057428426","52Hg2KAFwchbqQTvN"
"consent","consent-1","email","abfang@stanford.edu","","","","","","","","","","","","","","","","","","","","","","","","","","","","","","","","","","","","","","","","","","","","","","","","","","","","","","","","","","","","","","","","","","","","","","","","","","","","","","","","","","","","","","","","","","","","","","","","","","","","","","","","","","","","","","","","","","","","","","","","","","","","","","","","","","","","","zB77sq4xBousNCAqG","1444786570623","5Ei5XPTgp3jx2mpae"
"consent","consent-1","email","gusw1@stanford.edu","","","","","","","","","","","","","","","","","","","","","","","","","","","","","","","","","","","","","","","","","","","","","","","","","","","","","","","","","","","","","","","","","","","","","","","","","","","","","","","","","","","","","","","","","","","","","","","","","","","","","","","","","","","","","","","","","","","","","","","","","","","","","","","","","","","","","JAyTExdMHA6mkv74k","1444761779529","5wRd5Mf2x66LCrixM"
"consent","consent-1","email","cjuliana@stanford.edu","","","","","","","","","","","","","","","","","","","","","","","","","","","","","","","","","","","","","","","","","","","","","","","","","","","","","","","","","","","","","","","","","","","","","","","","","","","","","","","","","","","","","","","","","","","","","","","","","","","","","","","","","","","","","","","","","","","","","","","","","","","","","","","","","","","","","3zDuRy6cGXv6vyuPo","1444880196403","6ZiApdMpTGbkcW7kk"
"consent","consent-1","email","kristerj@stanford.edu","","","","","","","","","","","","","","","","","","","","","","","","","","","","","","","","","","","","","","","","","","","","","","","","","","","","","","","","","","","","","","","","","","","","","","","","","","","","","","","","","","","","","","","","","","","","","","","","","","","","","","","","","","","","","","","","","","","","","","","","","","","","","","","","","","","","","NpnZzdoNw46RcGSma","1444841644944","6tfdBkEjvCpstjZbc"
"consent","consent-1","email","keslert@gmail.com","","","","","","","","","","","","","","","","","","","","","","","","","","","","","","","","","","","","","","","","","","","","","","","","","","","","","","","","","","","","","","","","","","","","","","","","","","","","","","","","","","","","","","","","","","","","","","","","","","","","","","","","","","","","","","","","","","","","","","","","","","","","","","","","","","","","","RZMTe5L6nnjt2NHed","1444752511273","BpLFeMHPGYAHTya8z"
"consent","consent-1","email","keslert@gmail.com","","","","","","","","","","","","","","","","","","","","","","","","","","","","","","","","","","","","","","","","","","","","","","","","","","","","","","","","","","","","","","","","","","","","","","","","","","","","","","","","","","","","","","","","","","","","","","","","","","","","","","","","","","","","","","","","","","","","","","","","","","","","","","","","","","","","","RZMTe5L6nnjt2NHed","1444753208131","DCcyCbv3fXvbkkdHX"
"consent","consent-1","email","alexwe@stanford.edu","","","","","","","","","","","","","","","","","","","","","","","","","","","","","","","","","","","","","","","","","","","","","","","","","","","","","","","","","","","","","","","","","","","","","","","","","","","","","","","","","","","","","","","","","","","","","","","","","","","","","","","","","","","","","","","","","","","","","","","","","","","","","","","","","","","","","NKu3B2n8Kt93koopj","1444971651359","E8Rdt82xZnzdqTeWW"
"consent","consent-1","email","ckravitz@stanford.edu","","","","","","","","","","","","","","","","","","","","","","","","","","","","","","","","","","","","","","","","","","","","","","","","","","","","","","","","","","","","","","","","","","","","","","","","","","","","","","","","","","","","","","","","","","","","","","","","","","","","","","","","","","","","","","","","","","","","","","","","","","","","","","","","","","","","","RS5cRfBwaG9MPmAwP","1445051775348","JMAYE9fd5wvjyHpPf"
"consent","consent-1","email","aharris1@stanford.edu","","","","","","","","","","","","","","","","","","","","","","","","","","","","","","","","","","","","","","","","","","","","","","","","","","","","","","","","","","","","","","","","","","","","","","","","","","","","","","","","","","","","","","","","","","","","","","","","","","","","","","","","","","","","","","","","","","","","","","","","","","","","","","","","","","","","","RQkTuYGxF5tJwK6SL","1445032588517","JtKrNNsxKMLjJZEoR"
"consent","consent-1","email","crovello@alumni.stanford.edu","","","","","","","","","","","","","","","","","","","","","","","","","","","","","","","","","","","","","","","","","","","","","","","","","","","","","","","","","","","","","","","","","","","","","","","","","","","","","","","","","","","","","","","","","","","","","","","","","","","","","","","","","","","","","","","","","","","","","","","","","","","","","","","","","","","","","Jex8i4gH6BaQR3gMw","1444871194294","QppJnJcLTcMg8b3C8"
","prewrite","prewritingExercises-2","jokes","PETA taking advantage of the macaques work without consent.
"consent","consent-1","email","natalie9@stanford.edu","","","","","","","","","","","","","","","","","","","","","","","","","","","","","","","","","","","","","","","","","","","","","","","","","","","","","","","","","","","","","","","","","","","","","","","","","","","","","","","","","","","","","","","","","","","","","","","","","","","","","","","","","","","","","","","","","","","","","","","","","","","","","","","","","","","","","PuHabNAJ3ZpPJ4LCE","1444988202801","XdMS5ynabDz2hCS5x"
"consent","consent-1","email","sglez18@stanford.edu","","","","","","","","","","","","","","","","","","","","","","","","","","","","","","","","","","","","","","","","","","","","","","","","","","","","","","","","","","","","","","","","","","","","","","","","","","","","","","","","","","","","","","","","","","","","","","","","","","","","","","","","","","","","","","","","","","","","","","","","","","","","","","","","","","","","","Eo5NpLtFszduBYtaB","1445069536848","ZyTcHp58huN75driM"
"consent","consent-1","email","jurgens@stanford.edu","","","","","","","","","","","","","","","","","","","","","","","","","","","","","","","","","","","","","","","","","","","","","","","","","","","","","","","","","","","","","","","","","","","","","","","","","","","","","","","","","","","","","","","","","","","","","","","","","","","","","","","","","","","","","","","","","","","","","","","","","","","","","","","","","","","","","MYHMxGykWPShxPmjt","1445034080775","bAocWeJz2JPAEsxPC"
"consent","consent-1","email","markf2@stanford.edu","","","","","","","","","","","","","","","","","","","","","","","","","","","","","","","","","","","","","","","","","","","","","","","","","","","","","","","","","","","","","","","","","","","","","","","","","","","","","","","","","","","","","","","","","","","","","","","","","","","","","","","","","","","","","","","","","","","","","","","","","","","","","","","","","","","","","qxj7aTqbiFX8jdzsA","1444895029413","cZAzZCgxmhJMddJdT"
"consent","consent-1","email","vickilau@stanford.edu","","","","","","","","","","","","","","","","","","","","","","","","","","","","","","","","","","","","","","","","","","","","","","","","","","","","","","","","","","","","","","","","","","","","","","","","","","","","","","","","","","","","","","","","","","","","","","","","","","","","","","","","","","","","","","","","","","","","","","","","","","","","","","","","","","","","","ewSrmazJytYFjLpDJ","1444772281039","ebENpwBRL7z3GcoWC"
"consent","consent-1","email","mcchuang@stanford.edu","","","","","","","","","","","","","","","","","","","","","","","","","","","","","","","","","","","","","","","","","","","","","","","","","","","","","","","","","","","","","","","","","","","","","","","","","","","","","","","","","","","","","","","","","","","","","","","","","","","","","","","","","","","","","","","","","","","","","","","","","","","","","","","","","","","","","ifJEKqgE7jroFbG9a","1444782642406","hx9uobrsHj3yqqsmp"
"consent","consent-1","email","alliek@stanford.edu","","","","","","","","","","","","","","","","","","","","","","","","","","","","","","","","","","","","","","","","","","","","","","","","","","","","","","","","","","","","","","","","","","","","","","","","","","","","","","","","","","","","","","","","","","","","","","","","","","","","","","","","","","","","","","","","","","","","","","","","","","","","","","","","","","","","","kQbvmcsz4ZMjwRfwZ","1445002753304","jtE4Ys3k9timp8NHB"
"consent","consent-1","email","alextamkin@gmail.com","","","","","","","","","","","","","","","","","","","","","","","","","","","","","","","","","","","","","","","","","","","","","","","","","","","","","","","","","","","","","","","","","","","","","","","","","","","","","","","","","","","","","","","","","","","","","","","","","","","","","","","","","","","","","","","","","","","","","","","","","","","","","","","","","","","","","P6PjMaBeZYcKxtrZ4","1444852392339","qe5buBDCLci2sFntS"
"consent","consent-1","email","gerritym@stanford.edu","","","","","","","","","","","","","","","","","","","","","","","","","","","","","","","","","","","","","","","","","","","","","","","","","","","","","","","","","","","","","","","","","","","","","","","","","","","","","","","","","","","","","","","","","","","","","","","","","","","","","","","","","","","","","","","","","","","","","","","","","","","","","","","","","","","","","rSuf5FGQduFzqr4yK","1444960272525","u6bM8e5H2x3HJKt22"
"consent","consent-1","email","mzhu25@stanford.edu","","","","","","","","","","","","","","","","","","","","","","","","","","","","","","","","","","","","","","","","","","","","","","","","","","","","","","","","","","","","","","","","","","","","","","","","","","","","","","","","","","","","","","","","","","","","","","","","","","","","","","","","","","","","","","","","","","","","","","","","","","","","","","","","","","","","","cCry6f2GBLLyknuki","1445039532484","vA28QRuzG9LcBgnLJ"
"consent","consent-1","email","perriayin@gmail.com","","","","","","","","","","","","","","","","","","","","","","","","","","","","","","","","","","","","","","","","","","","","","","","","","","","","","","","","","","","","","","","","","","","","","","","","","","","","","","","","","","","","","","","","","","","","","","","","","","","","","","","","","","","","","","","","","","","","","","","","","","","","","","","","","","","","","Nrb95uSP9S5iNiuB3","1445014014775","4X8nymtYapNCnhanq"
"consent","consent-1","email","pgiliver@stanford.edu","","","","","","","","","","","","","","","","","","","","","","","","","","","","","","","","","","","","","","","","","","","","","","","","","","","","","","","","","","","","","","","","","","","","","","","","","","","","","","","","","","","","","","","","","","","","","","","","","","","","","","","","","","","","","","","","","","","","","","","","","","","","","","","","","","","","","PBjiC8wdBDGrGmMBj","1445057428426","52Hg2KAFwchbqQTvN"
"consent","consent-1","email","abfang@stanford.edu","","","","","","","","","","","","","","","","","","","","","","","","","","","","","","","","","","","","","","","","","","","","","","","","","","","","","","","","","","","","","","","","","","","","","","","","","","","","","","","","","","","","","","","","","","","","","","","","","","","","","","","","","","","","","","","","","","","","","","","","","","","","","","","","","","","","","zB77sq4xBousNCAqG","1444786570623","5Ei5XPTgp3jx2mpae"
"consent","consent-1","email","gusw1@stanford.edu","","","","","","","","","","","","","","","","","","","","","","","","","","","","","","","","","","","","","","","","","","","","","","","","","","","","","","","","","","","","","","","","","","","","","","","","","","","","","","","","","","","","","","","","","","","","","","","","","","","","","","","","","","","","","","","","","","","","","","","","","","","","","","","","","","","","","JAyTExdMHA6mkv74k","1444761779529","5wRd5Mf2x66LCrixM"
"consent","consent-1","email","cjuliana@stanford.edu","","","","","","","","","","","","","","","","","","","","","","","","","","","","","","","","","","","","","","","","","","","","","","","","","","","","","","","","","","","","","","","","","","","","","","","","","","","","","","","","","","","","","","","","","","","","","","","","","","","","","","","","","","","","","","","","","","","","","","","","","","","","","","","","","","","","","3zDuRy6cGXv6vyuPo","1444880196403","6ZiApdMpTGbkcW7kk"
"consent","consent-1","email","kristerj@stanford.edu","","","","","","","","","","","","","","","","","","","","","","","","","","","","","","","","","","","","","","","","","","","","","","","","","","","","","","","","","","","","","","","","","","","","","","","","","","","","","","","","","","","","","","","","","","","","","","","","","","","","","","","","","","","","","","","","","","","","","","","","","","","","","","","","","","","","","NpnZzdoNw46RcGSma","1444841644944","6tfdBkEjvCpstjZbc"
"consent","consent-1","email","keslert@gmail.com","","","","","","","","","","","","","","","","","","","","","","","","","","","","","","","","","","","","","","","","","","","","","","","","","","","","","","","","","","","","","","","","","","","","","","","","","","","","","","","","","","","","","","","","","","","","","","","","","","","","","","","","","","","","","","","","","","","","","","","","","","","","","","","","","","","","","RZMTe5L6nnjt2NHed","1444752511273","BpLFeMHPGYAHTya8z"
"consent","consent-1","email","keslert@gmail.com","","","","","","","","","","","","","","","","","","","","","","","","","","","","","","","","","","","","","","","","","","","","","","","","","","","","","","","","","","","","","","","","","","","","","","","","","","","","","","","","","","","","","","","","","","","","","","","","","","","","","","","","","","","","","","","","","","","","","","","","","","","","","","","","","","","","","RZMTe5L6nnjt2NHed","1444753208131","DCcyCbv3fXvbkkdHX"
"consent","consent-1","email","alexwe@stanford.edu","","","","","","","","","","","","","","","","","","","","","","","","","","","","","","","","","","","","","","","","","","","","","","","","","","","","","","","","","","","","","","","","","","","","","","","","","","","","","","","","","","","","","","","","","","","","","","","","","","","","","","","","","","","","","","","","","","","","","","","","","","","","","","","","","","","","","NKu3B2n8Kt93koopj","1444971651359","E8Rdt82xZnzdqTeWW"
"consent","consent-1","email","ckravitz@stanford.edu","","","","","","","","","","","","","","","","","","","","","","","","","","","","","","","","","","","","","","","","","","","","","","","","","","","","","","","","","","","","","","","","","","","","","","","","","","","","","","","","","","","","","","","","","","","","","","","","","","","","","","","","","","","","","","","","","","","","","","","","","","","","","","","","","","","","","RS5cRfBwaG9MPmAwP","1445051775348","JMAYE9fd5wvjyHpPf"
"consent","consent-1","email","aharris1@stanford.edu","","","","","","","","","","","","","","","","","","","","","","","","","","","","","","","","","","","","","","","","","","","","","","","","","","","","","","","","","","","","","","","","","","","","","","","","","","","","","","","","","","","","","","","","","","","","","","","","","","","","","","","","","","","","","","","","","","","","","","","","","","","","","","","","","","","","","RQkTuYGxF5tJwK6SL","1445032588517","JtKrNNsxKMLjJZEoR"
"consent","consent-1","email","crovello@alumni.stanford.edu","","","","","","","","","","","","","","","","","","","","","","","","","","","","","","","","","","","","","","","","","","","","","","","","","","","","","","","","","","","","","","","","","","","","","","","","","","","","","","","","","","","","","","","","","","","","","","","","","","","","","","","","","","","","","","","","","","","","","","","","","","","","","","","","","","","","","Jex8i4gH6BaQR3gMw","1444871194294","QppJnJcLTcMg8b3C8"
","prewrite","prewritingExercises-2","jokes","PETA taking advantage of the macaques work without consent.
"consent","consent-1","email","natalie9@stanford.edu","","","","","","","","","","","","","","","","","","","","","","","","","","","","","","","","","","","","","","","","","","","","","","","","","","","","","","","","","","","","","","","","","","","","","","","","","","","","","","","","","","","","","","","","","","","","","","","","","","","","","","","","","","","","","","","","","","","","","","","","","","","","","","","","","","","","","PuHabNAJ3ZpPJ4LCE","1444988202801","XdMS5ynabDz2hCS5x"
"consent","consent-1","email","sglez18@stanford.edu","","","","","","","","","","","","","","","","","","","","","","","","","","","","","","","","","","","","","","","","","","","","","","","","","","","","","","","","","","","","","","","","","","","","","","","","","","","","","","","","","","","","","","","","","","","","","","","","","","","","","","","","","","","","","","","","","","","","","","","","","","","","","","","","","","","","","Eo5NpLtFszduBYtaB","1445069536848","ZyTcHp58huN75driM"
"consent","consent-1","email","jurgens@stanford.edu","","","","","","","","","","","","","","","","","","","","","","","","","","","","","","","","","","","","","","","","","","","","","","","","","","","","","","","","","","","","","","","","","","","","","","","","","","","","","","","","","","","","","","","","","","","","","","","","","","","","","","","","","","","","","","","","","","","","","","","","","","","","","","","","","","","","","MYHMxGykWPShxPmjt","1445034080775","bAocWeJz2JPAEsxPC"
"consent","consent-1","email","markf2@stanford.edu","","","","","","","","","","","","","","","","","","","","","","","","","","","","","","","","","","","","","","","","","","","","","","","","","","","","","","","","","","","","","","","","","","","","","","","","","","","","","","","","","","","","","","","","","","","","","","","","","","","","","","","","","","","","","","","","","","","","","","","","","","","","","","","","","","","","","qxj7aTqbiFX8jdzsA","1444895029413","cZAzZCgxmhJMddJdT"
"consent","consent-1","email","vickilau@stanford.edu","","","","","","","","","","","","","","","","","","","","","","","","","","","","","","","","","","","","","","","","","","","","","","","","","","","","","","","","","","","","","","","","","","","","","","","","","","","","","","","","","","","","","","","","","","","","","","","","","","","","","","","","","","","","","","","","","","","","","","","","","","","","","","","","","","","","","ewSrmazJytYFjLpDJ","1444772281039","ebENpwBRL7z3GcoWC"
"consent","consent-1","email","mcchuang@stanford.edu","","","","","","","","","","","","","","","","","","","","","","","","","","","","","","","","","","","","","","","","","","","","","","","","","","","","","","","","","","","","","","","","","","","","","","","","","","","","","","","","","","","","","","","","","","","","","","","","","","","","","","","","","","","","","","","","","","","","","","","","","","","","","","","","","","","","","ifJEKqgE7jroFbG9a","1444782642406","hx9uobrsHj3yqqsmp"
"consent","consent-1","email","alliek@stanford.edu","","","","","","","","","","","","","","","","","","","","","","","","","","","","","","","","","","","","","","","","","","","","","","","","","","","","","","","","","","","","","","","","","","","","","","","","","","","","","","","","","","","","","","","","","","","","","","","","","","","","","","","","","","","","","","","","","","","","","","","","","","","","","","","","","","","","","kQbvmcsz4ZMjwRfwZ","1445002753304","jtE4Ys3k9timp8NHB"
"consent","consent-1","email","alextamkin@gmail.com","","","","","","","","","","","","","","","","","","","","","","","","","","","","","","","","","","","","","","","","","","","","","","","","","","","","","","","","","","","","","","","","","","","","","","","","","","","","","","","","","","","","","","","","","","","","","","","","","","","","","","","","","","","","","","","","","","","","","","","","","","","","","","","","","","","","","P6PjMaBeZYcKxtrZ4","1444852392339","qe5buBDCLci2sFntS"
"consent","consent-1","email","gerritym@stanford.edu","","","","","","","","","","","","","","","","","","","","","","","","","","","","","","","","","","","","","","","","","","","","","","","","","","","","","","","","","","","","","","","","","","","","","","","","","","","","","","","","","","","","","","","","","","","","","","","","","","","","","","","","","","","","","","","","","","","","","","","","","","","","","","","","","","","","","rSuf5FGQduFzqr4yK","1444960272525","u6bM8e5H2x3HJKt22"
"consent","consent-1","email","mzhu25@stanford.edu","","","","","","","","","","","","","","","","","","","","","","","","","","","","","","","","","","","","","","","","","","","","","","","","","","","","","","","","","","","","","","","","","","","","","","","","","","","","","","","","","","","","","","","","","","","","","","","","","","","","","","","","","","","","","","","","","","","","","","","","","","","","","","","","","","","","","cCry6f2GBLLyknuki","1445039532484","vA28QRuzG9LcBgnLJ"
"consent","consent-1","email","perriayin@gmail.com","","","","","","","","","","","","","","","","","","","","","","","","","","","","","","","","","","","","","","","","","","","","","","","","","","","","","","","","","","","","","","","","","","","","","","","","","","","","","","","","","","","","","","","","","","","","","","","","","","","","","","","","","","","","","","","","","","","","","","","","","","","","","","","","","","","","","Nrb95uSP9S5iNiuB3","1445014014775","4X8nymtYapNCnhanq"
"consent","consent-1","email","pgiliver@stanford.edu","","","","","","","","","","","","","","","","","","","","","","","","","","","","","","","","","","","","","","","","","","","","","","","","","","","","","","","","","","","","","","","","","","","","","","","","","","","","","","","","","","","","","","","","","","","","","","","","","","","","","","","","","","","","","","","","","","","","","","","","","","","","","","","","","","","","","PBjiC8wdBDGrGmMBj","1445057428426","52Hg2KAFwchbqQTvN"
"consent","consent-1","email","abfang@stanford.edu","","","","","","","","","","","","","","","","","","","","","","","","","","","","","","","","","","","","","","","","","","","","","","","","","","","","","","","","","","","","","","","","","","","","","","","","","","","","","","","","","","","","","","","","","","","","","","","","","","","","","","","","","","","","","","","","","","","","","","","","","","","","","","","","","","","","","zB77sq4xBousNCAqG","1444786570623","5Ei5XPTgp3jx2mpae"
"consent","consent-1","email","gusw1@stanford.edu","","","","","","","","","","","","","","","","","","","","","","","","","","","","","","","","","","","","","","","","","","","","","","","","","","","","","","","","","","","","","","","","","","","","","","","","","","","","","","","","","","","","","","","","","","","","","","","","","","","","","","","","","","","","","","","","","","","","","","","","","","","","","","","","","","","","","JAyTExdMHA6mkv74k","1444761779529","5wRd5Mf2x66LCrixM"
"consent","consent-1","email","cjuliana@stanford.edu","","","","","","","","","","","","","","","","","","","","","","","","","","","","","","","","","","","","","","","","","","","","","","","","","","","","","","","","","","","","","","","","","","","","","","","","","","","","","","","","","","","","","","","","","","","","","","","","","","","","","","","","","","","","","","","","","","","","","","","","","","","","","","","","","","","","","3zDuRy6cGXv6vyuPo","1444880196403","6ZiApdMpTGbkcW7kk"
"consent","consent-1","email","kristerj@stanford.edu","","","","","","","","","","","","","","","","","","","","","","","","","","","","","","","","","","","","","","","","","","","","","","","","","","","","","","","","","","","","","","","","","","","","","","","","","","","","","","","","","","","","","","","","","","","","","","","","","","","","","","","","","","","","","","","","","","","","","","","","","","","","","","","","","","","","","NpnZzdoNw46RcGSma","1444841644944","6tfdBkEjvCpstjZbc"
"consent","consent-1","email","keslert@gmail.com","","","","","","","","","","","","","","","","","","","","","","","","","","","","","","","","","","","","","","","","","","","","","","","","","","","","","","","","","","","","","","","","","","","","","","","","","","","","","","","","","","","","","","","","","","","","","","","","","","","","","","","","","","","","","","","","","","","","","","","","","","","","","","","","","","","","","RZMTe5L6nnjt2NHed","1444752511273","BpLFeMHPGYAHTya8z"
"consent","consent-1","email","keslert@gmail.com","","","","","","","","","","","","","","","","","","","","","","","","","","","","","","","","","","","","","","","","","","","","","","","","","","","","","","","","","","","","","","","","","","","","","","","","","","","","","","","","","","","","","","","","","","","","","","","","","","","","","","","","","","","","","","","","","","","","","","","","","","","","","","","","","","","","","RZMTe5L6nnjt2NHed","1444753208131","DCcyCbv3fXvbkkdHX"
"consent","consent-1","email","alexwe@stanford.edu","","","","","","","","","","","","","","","","","","","","","","","","","","","","","","","","","","","","","","","","","","","","","","","","","","","","","","","","","","","","","","","","","","","","","","","","","","","","","","","","","","","","","","","","","","","","","","","","","","","","","","","","","","","","","","","","","","","","","","","","","","","","","","","","","","","","","NKu3B2n8Kt93koopj","1444971651359","E8Rdt82xZnzdqTeWW"
"consent","consent-1","email","ckravitz@stanford.edu","","","","","","","","","","","","","","","","","","","","","","","","","","","","","","","","","","","","","","","","","","","","","","","","","","","","","","","","","","","","","","","","","","","","","","","","","","","","","","","","","","","","","","","","","","","","","","","","","","","","","","","","","","","","","","","","","","","","","","","","","","","","","","","","","","","","","RS5cRfBwaG9MPmAwP","1445051775348","JMAYE9fd5wvjyHpPf"
"consent","consent-1","email","aharris1@stanford.edu","","","","","","","","","","","","","","","","","","","","","","","","","","","","","","","","","","","","","","","","","","","","","","","","","","","","","","","","","","","","","","","","","","","","","","","","","","","","","","","","","","","","","","","","","","","","","","","","","","","","","","","","","","","","","","","","","","","","","","","","","","","","","","","","","","","","","RQkTuYGxF5tJwK6SL","1445032588517","JtKrNNsxKMLjJZEoR"
"consent","consent-1","email","crovello@alumni.stanford.edu","","","","","","","","","","","","","","","","","","","","","","","","","","","","","","","","","","","","","","","","","","","","","","","","","","","","","","","","","","","","","","","","","","","","","","","","","","","","","","","","","","","","","","","","","","","","","","","","","","","","","","","","","","","","","","","","","","","","","","","","","","","","","","","","","","","","","Jex8i4gH6BaQR3gMw","1444871194294","QppJnJcLTcMg8b3C8"
","prewrite","prewritingExercises-2","jokes","PETA taking advantage of the macaques work without consent.
"consent","consent-1","email","natalie9@stanford.edu","","","","","","","","","","","","","","","","","","","","","","","","","","","","","","","","","","","","","","","","","","","","","","","","","","","","","","","","","","","","","","","","","","","","","","","","","","","","","","","","","","","","","","","","","","","","","","","","","","","","","","","","","","","","","","","","","","","","","","","","","","","","","","","","","","","","","PuHabNAJ3ZpPJ4LCE","1444988202801","XdMS5ynabDz2hCS5x"
"consent","consent-1","email","sglez18@stanford.edu","","","","","","","","","","","","","","","","","","","","","","","","","","","","","","","","","","","","","","","","","","","","","","","","","","","","","","","","","","","","","","","","","","","","","","","","","","","","","","","","","","","","","","","","","","","","","","","","","","","","","","","","","","","","","","","","","","","","","","","","","","","","","","","","","","","","","Eo5NpLtFszduBYtaB","1445069536848","ZyTcHp58huN75driM"
"consent","consent-1","email","jurgens@stanford.edu","","","","","","","","","","","","","","","","","","","","","","","","","","","","","","","","","","","","","","","","","","","","","","","","","","","","","","","","","","","","","","","","","","","","","","","","","","","","","","","","","","","","","","","","","","","","","","","","","","","","","","","","","","","","","","","","","","","","","","","","","","","","","","","","","","","","","MYHMxGykWPShxPmjt","1445034080775","bAocWeJz2JPAEsxPC"
"consent","consent-1","email","markf2@stanford.edu","","","","","","","","","","","","","","","","","","","","","","","","","","","","","","","","","","","","","","","","","","","","","","","","","","","","","","","","","","","","","","","","","","","","","","","","","","","","","","","","","","","","","","","","","","","","","","","","","","","","","","","","","","","","","","","","","","","","","","","","","","","","","","","","","","","","","qxj7aTqbiFX8jdzsA","1444895029413","cZAzZCgxmhJMddJdT"
"consent","consent-1","email","vickilau@stanford.edu","","","","","","","","","","","","","","","","","","","","","","","","","","","","","","","","","","","","","","","","","","","","","","","","","","","","","","","","","","","","","","","","","","","","","","","","","","","","","","","","","","","","","","","","","","","","","","","","","","","","","","","","","","","","","","","","","","","","","","","","","","","","","","","","","","","","","ewSrmazJytYFjLpDJ","1444772281039","ebENpwBRL7z3GcoWC"
"consent","consent-1","email","mcchuang@stanford.edu","","","","","","","","","","","","","","","","","","","","","","","","","","","","","","","","","","","","","","","","","","","","","","","","","","","","","","","","","","","","","","","","","","","","","","","","","","","","","","","","","","","","","","","","","","","","","","","","","","","","","","","","","","","","","","","","","","","","","","","","","","","","","","","","","","","","","ifJEKqgE7jroFbG9a","1444782642406","hx9uobrsHj3yqqsmp"
"consent","consent-1","email","alliek@stanford.edu","","","","","","","","","","","","","","","","","","","","","","","","","","","","","","","","","","","","","","","","","","","","","","","","","","","","","","","","","","","","","","","","","","","","","","","","","","","","","","","","","","","","","","","","","","","","","","","","","","","","","","","","","","","","","","","","","","","","","","","","","","","","","","","","","","","","","kQbvmcsz4ZMjwRfwZ","1445002753304","jtE4Ys3k9timp8NHB"
"consent","consent-1","email","alextamkin@gmail.com","","","","","","","","","","","","","","","","","","","","","","","","","","","","","","","","","","","","","","","","","","","","","","","","","","","","","","","","","","","","","","","","","","","","","","","","","","","","","","","","","","","","","","","","","","","","","","","","","","","","","","","","","","","","","","","","","","","","","","","","","","","","","","","","","","","","","P6PjMaBeZYcKxtrZ4","1444852392339","qe5buBDCLci2sFntS"
"consent","consent-1","email","gerritym@stanford.edu","","","","","","","","","","","","","","","","","","","","","","","","","","","","","","","","","","","","","","","","","","","","","","","","","","","","","","","","","","","","","","","","","","","","","","","","","","","","","","","","","","","","","","","","","","","","","","","","","","","","","","","","","","","","","","","","","","","","","","","","","","","","","","","","","","","","","rSuf5FGQduFzqr4yK","1444960272525","u6bM8e5H2x3HJKt22"
"consent","consent-1","email","mzhu25@stanford.edu","","","","","","","","","","","","","","","","","","","","","","","","","","","","","","","","","","","","","","","","","","","","","","","","","","","","","","","","","","","","","","","","","","","","","","","","","","","","","","","","","","","","","","","","","","","","","","","","","","","","","","","","","","","","","","","","","","","","","","","","","","","","","","","","","","","","","cCry6f2GBLLyknuki","1445039532484","vA28QRuzG9LcBgnLJ"
